,close,date,close_norm
0,55.0,2018-05-31,0.05731821074411836
1,56.75,2018-06-01,0.07471297251503117
2,57.652000427246094,2018-06-04,0.08367873397172121
3,57.55099868774414,2018-06-05,0.08267479043053017
4,57.34749984741211,2018-06-06,0.08065203966011147
5,56.72100067138672,2018-06-07,0.07442472313632009
6,56.635501861572266,2018-06-08,0.07357487660579498
7,57.04499816894531,2018-06-11,0.07764521415597936
8,57.40950012207031,2018-06-12,0.0812683139500604
9,57.21149826049805,2018-06-13,0.07930020240020508
10,58.00550079345703,2018-06-14,0.08719247948953246
11,57.9635009765625,2018-06-15,0.08677500702707397
12,59.17900085449219,2018-06-18,0.09885691034659427
13,58.93450164794922,2018-06-19,0.09642662151745596
14,59.20349884033203,2018-06-20,0.09910041699090932
15,58.47200012207031,2018-06-21,0.09182941931097177
16,58.464500427246094,2018-06-22,0.09175487336535926
17,56.9640007019043,2018-06-25,0.07684011035985028
18,56.63100051879883,2018-06-26,0.07353013387139884
19,55.84700012207031,2018-06-27,0.0657372766546025
20,56.3390007019043,2018-06-28,0.07062769544166714
21,56.45949935913086,2018-06-29,0.0718254356909076
22,57.105499267578125,2018-07-02,0.07824658684032004
23,55.81399917602539,2018-07-03,0.06540925174336465
24,57.06449890136719,2018-07-05,0.07783904878160042
25,57.75400161743164,2018-07-06,0.084692611916651
26,58.36399841308594,2018-07-09,0.0907558970260377
27,58.356998443603516,2018-07-10,0.09068631828229456
28,58.573001861572266,2018-07-11,0.09283336285216282
29,60.0629997253418,2018-07-12,0.10764373878327138
30,60.22100067138672,2018-07-13,0.10921424667814583
31,59.82550048828125,2018-07-16,0.10528302869787609
32,60.65399932861328,2018-07-17,0.11351819438647792
33,60.64550018310547,2018-07-18,0.11343371403712665
34,59.95500183105469,2018-07-19,0.10657025441590884
35,59.89400100708008,2018-07-20,0.10596391452969867
36,60.54999923706055,2018-07-23,0.11248444763407062
37,62.907501220703125,2018-07-24,0.13591769642259466
38,63.797000885009766,2018-07-25,0.14475920199740666
39,64.2750015258789,2018-07-26,0.14951046329698514
40,62.644500732421875,2018-07-27,0.13330350737157404
41,61.50199890136719,2018-07-30,0.12194719470070092
42,61.361000061035156,2018-07-31,0.12054568542210053
43,61.64950180053711,2018-08-01,0.12341335343874649
44,62.05649948120117,2018-08-02,0.12745885497958387
45,61.90800094604492,2018-08-03,0.12598279975537097
46,61.88349914550781,2018-08-06,0.1257392551934845
47,62.79199981689453,2018-08-07,0.13476962819204807
48,63.06650161743164,2018-08-08,0.13749813872120786
49,63.222999572753906,2018-08-09,0.13905370709290266
50,62.6254997253418,2018-08-10,0.13311463994782236
51,62.43199920654297,2018-08-13,0.13119127113236317
52,62.90700149536133,2018-08-14,0.13591272922072528
53,61.611000061035156,2018-08-15,0.12303065138937375
54,61.202999114990234,2018-08-16,0.11897517752722608
55,60.79249954223633,2018-08-17,0.11489486765573131
56,61.09749984741211,2018-08-20,0.11792652916921043
57,60.87049865722656,2018-08-21,0.11567016824064402
58,61.087501525878906,2018-08-22,0.11782714721425103
59,61.05799865722656,2018-08-23,0.11753389271609893
60,61.837501525878906,2018-08-24,0.12528204511607077
61,62.813499450683594,2018-08-27,0.13498333162514675
62,62.292999267578125,2018-08-28,0.1298096306612404
63,63.23249816894531,2018-08-29,0.13914812184599268
64,62.72200012207031,2018-08-30,0.13407384075461737
65,61.59000015258789,2018-08-31,0.12282191515814456
66,60.56549835205078,2018-09-04,0.11263850672716491
67,59.95500183105469,2018-09-05,0.10657025441590884
68,59.199501037597656,2018-09-06,0.09906067937595409
69,58.87950134277344,2018-09-07,0.09587992597125006
70,58.75299835205078,2018-09-10,0.09462250346443368
71,59.4995002746582,2018-09-11,0.10204263095316779
72,58.58000183105469,2018-09-12,0.09290294159590584
73,59.106998443603516,2018-09-13,0.09814121618411442
74,58.89899826049805,2018-09-14,0.09607372267929959
75,57.99150085449219,2018-09-17,0.0870533220020463
76,58.355499267578125,2018-09-18,0.09067141667668643
77,58.7135009765625,2018-09-19,0.09422990492889372
78,59.57849884033203,2018-09-20,0.10282786594181925
79,58.60599899291992,2018-09-21,0.09316134984582902
80,58.97800064086914,2018-09-24,0.09685899558552258
81,59.69449996948242,2018-09-25,0.10398090137423521
82,59.702999114990234,2018-09-26,0.10406538172358648
83,60.36800003051758,2018-09-27,0.11067540029675049
84,60.354000091552734,2018-09-28,0.11053624280926433
85,60.42649841308594,2018-10-01,0.11125686625604214
86,60.38199996948242,2018-10-02,0.11081455778423666
87,60.576499938964844,2018-10-03,0.1127478610034347
88,58.85350036621094,2018-10-04,0.09562147980375535
89,58.39149856567383,2018-10-05,0.09102924479914054
90,57.79600143432617,2018-10-08,0.0851100843791095
91,57.25849914550781,2018-10-09,0.07976738479892898
92,54.608001708984375,2018-10-10,0.053421801094505894
93,54.5369987487793,2018-10-11,0.052716041335764796
94,56.027000427246094,2018-10-12,0.06752645518444489
95,55.12200164794922,2018-10-15,0.05853089051653859
96,56.65399932861328,2018-10-16,0.07375873891010565
97,56.37950134277344,2018-10-17,0.07103026629851739
98,54.89550018310547,2018-10-18,0.056279496789841565
99,55.25899887084961,2018-10-19,0.059892624262612215
100,55.56850051879883,2018-10-22,0.06296902851048747
101,55.74549865722656,2018-10-23,0.06472836591154207
102,52.85599899291992,2018-10-24,0.036007132598543934
103,55.179500579833984,2018-10-25,0.059102422072091376
104,54.1875,2018-10-26,0.0492420713504802
105,51.73649978637695,2018-10-29,0.024879462883949044
106,52.47549819946289,2018-10-30,0.03222500650949911
107,54.52899932861328,2018-10-31,0.052636528188282905
108,54.29899978637695,2018-11-01,0.05035036404850013
109,53.574501037597656,2018-11-02,0.0431489451123056
110,52.7864990234375,2018-11-05,0.035316312362982494
111,53.47850036621094,2018-11-06,0.04219471150738008
112,55.4119987487793,2018-11-07,0.06141342222122126
113,54.73149871826172,2018-11-08,0.05464934455496284
114,53.85100173950195,2018-11-09,0.04589732444894301
115,52.46799850463867,2018-11-12,0.032150460563886596
116,52.39849853515625,2018-11-13,0.03145964032832527
117,52.729000091552734,2018-11-14,0.03474478080742971
118,53.5525016784668,2018-11-15,0.04293027447733755
119,53.41350173950195,2018-11-16,0.04154863400621478
120,51.37099838256836,2018-11-19,0.02124642868612925
121,51.522499084472656,2018-11-20,0.02275232503913005
122,52.17150115966797,2018-11-21,0.02920331731733028
123,51.505001068115234,2018-11-23,0.022578397138558026
124,52.797000885009766,2018-11-26,0.03542069943738291
125,52.61399841308594,2018-11-27,0.0336016797787525
126,54.589500427246094,2018-11-28,0.05323790087262359
127,54.729000091552734,2018-11-29,0.054624508545615846
128,55.48249816894531,2018-11-30,0.06211417686052145
129,55.81800079345703,2018-12-03,0.0654490272758913
130,53.12350082397461,2018-12-04,0.038666064383960586
131,53.90399932861328,2018-12-06,0.046424113270099765
132,52.32899856567383,2018-12-07,0.030768820092763827
133,52.659000396728516,2018-12-10,0.03404899336999889
134,53.08250045776367,2018-12-11,0.03825852632524096
135,53.686500549316406,2018-12-12,0.04426220501219491
136,53.676998138427734,2018-12-13,0.04416775234153325
137,52.58549880981445,2018-12-14,0.0333183976019108
138,51.282501220703125,2018-12-17,0.020366778944387764
139,52.170501708984375,2018-12-18,0.029193382913591526
140,51.77299880981445,2018-12-19,0.02524225820827264
141,51.17900085449219,2018-12-20,0.019337999393849725
142,49.5625,2018-12-21,0.003270200955924729
143,49.23350143432617,2018-12-24,0.0
144,52.39250183105469,2018-12-26,0.03140003390589252
145,52.64500045776367,2018-12-27,0.03390983588251273
146,52.33399963378906,2018-12-28,0.030818530029029345
147,52.24800109863281,2018-12-31,0.029963716296634746
148,52.73400115966797,2019-01-02,0.03479449074369512
149,51.27349853515625,2019-01-03,0.02027729347559548
150,53.903499603271484,2019-01-04,0.04641914606823039
151,53.79600143432617,2019-01-07,0.04535062890273711
152,54.26850128173828,2019-01-08,0.05004721306418081
153,54.08250045776367,2019-01-09,0.04819839019433403
154,53.94150161743164,2019-01-10,0.04679688091573364
155,53.2234992980957,2019-01-11,0.03966003560384135
156,52.57550048828125,2019-01-14,0.03321901564695129
157,54.32550048828125,2019-01-15,0.050613777417864214
158,54.47549819946289,2019-01-16,0.05210473424768525
159,54.95600128173828,2019-01-17,0.05688086947418225
160,55.3650016784668,2019-01-18,0.06094627774006878
161,53.93149948120117,2019-01-22,0.046697461043202604
162,54.22050094604492,2019-01-23,0.049570096261718044
163,54.20000076293945,2019-01-24,0.04936632723235812
164,55.07550048828125,2019-01-25,0.05806867531968396
165,53.99300003051758,2019-01-28,0.04730876813128215
166,53.50299835205078,2019-01-29,0.04243821815169513
167,54.89950180053711,2019-01-30,0.05631927232236822
168,56.294498443603516,2019-01-31,0.07018534905229012
169,55.930999755859375,2019-02-01,0.06657222157951936
170,57.07099914550781,2019-02-04,0.07790366032347407
171,57.59349822998047,2019-02-05,0.08309723009485803
172,56.144500732421875,2019-02-06,0.06869439222246909
173,55.295501708984375,2019-02-07,0.06025545750450734
174,55.11899948120117,2019-02-08,0.05850104938775069
175,55.10599899291992,2019-02-11,0.05837182630400328
176,56.37900161743164,2019-02-12,0.07102529909664801
177,56.43149948120117,2019-02-13,0.07154712071593539
178,56.459999084472656,2019-02-14,0.07183040289277709
179,55.98149871826172,2019-02-15,0.06707417439132912
180,56.32550048828125,2019-02-19,0.07049350515605035
181,56.02949905395508,2019-02-20,0.06755129119379188
182,55.21049880981445,2019-02-21,0.059410540258280076
183,55.827999114990234,2019-02-22,0.06554840923085081
184,55.86650085449219,2019-02-25,0.06593111128022344
185,56.10049819946289,2019-02-26,0.06825701303496146
186,56.144500732421875,2019-02-27,0.06869439222246909
187,56.32749938964844,2019-02-28,0.07051337396352797
188,57.42599868774414,2019-03-01,0.08143230744689356
189,57.67100143432617,2019-03-04,0.08386760139547278
190,58.45949935913086,2019-03-05,0.09170516342909374
191,58.24700164794922,2019-03-06,0.0895929651074544
192,57.54249954223633,2019-03-07,0.0825903100811789
193,57.49850082397461,2019-03-08,0.08215296881124279
194,58.9630012512207,2019-03-11,0.09670990369429766
195,59.86249923706055,2019-03-12,0.10565079122406906
196,59.952999114990234,2019-03-13,0.10655034769085969
197,59.62649917602539,2019-03-14,0.10330498274428201
198,59.51499938964844,2019-03-15,0.10219669004626208
199,59.4275016784668,2019-03-18,0.10132697470825935
200,60.12300109863281,2019-03-19,0.10824014426574269
201,61.32149887084961,2019-03-20,0.12015304896898904
202,61.80649948120117,2019-03-21,0.12497388901231055
203,60.38249969482422,2019-03-22,0.11081952498610603
204,59.86899948120117,2019-03-25,0.10571540276594282
205,59.492000579833984,2019-03-26,0.10196808500755528
206,58.9005012512207,2019-03-27,0.09608866220247936
207,58.61349868774414,2019-03-28,0.09323589579144154
208,58.84450149536133,2019-03-29,0.0955320322525347
209,59.94900131225586,2019-04-01,0.10651061007590457
210,60.277000427246094,2019-04-02,0.10977087662809049
211,60.54050064086914,2019-04-03,0.11239003288098048
212,60.97249984741211,2019-04-04,0.11668404618557382
213,60.5724983215332,2019-04-05,0.11270808547090805
214,60.41400146484375,2019-04-08,0.11113264829173564
215,60.134498596191406,2019-04-09,0.10835442782631044
216,60.3224983215332,2019-04-10,0.11022311950363473
217,60.47949981689453,2019-04-11,0.11178369299477042
218,61.13650131225586,2019-04-12,0.11831419842045254
219,61.326499938964844,2019-04-15,0.12020275890525445
220,61.59550094604492,2019-04-16,0.12287659229627945
221,62.00699996948242,2019-04-17,0.12696683657151286
222,62.07350158691406,2019-04-18,0.12762785359585793
223,62.6879997253418,2019-04-22,0.13373588143964077
224,63.52949905395508,2019-04-23,0.1421002702119899
225,63.002498626708984,2019-04-24,0.1368619577062099
226,63.367000579833984,2019-04-25,0.14048505750029094
227,63.87099838256836,2019-04-26,0.1454947270497926
228,64.80999755859375,2019-04-29,0.1548282510326756
229,59.948001861572266,2019-04-30,0.1065006756721657
230,58.66600036621094,2019-05-01,0.09375775532830044
231,58.32550048828125,2019-05-02,0.09037323289423649
232,59.477500915527344,2019-05-03,0.10182396031819974
233,59.67300033569336,2019-05-06,0.10376719794113654
234,58.94300079345703,2019-05-07,0.09651110186680723
235,58.53900146484375,2019-05-08,0.09249540353718622
236,58.39849853515625,2019-05-09,0.09109882354288368
237,58.38199996948242,2019-05-10,0.09093483004605052
238,56.829498291015625,2019-05-13,0.07550317470555201
239,56.24300003051758,2019-05-14,0.06967346183674161
240,58.540000915527344,2019-05-15,0.09250533794092497
241,59.224998474121094,2019-05-16,0.099314120424008
242,58.43899917602539,2019-05-17,0.09150139439973393
243,57.233001708984375,2019-05-20,0.07951394375087517
244,57.72200012207031,2019-05-21,0.08437452140915191
245,57.79249954223633,2019-05-22,0.08507527604845211
246,57.266998291015625,2019-05-23,0.07985186514828024
247,56.93050003051758,2019-05-24,0.07650711824674306
248,56.97800064086914,2019-05-28,0.07697926784733644
249,55.99700164794922,2019-05-29,0.06722827140199505
250,56.070499420166016,2019-05-30,0.06795882925251162
251,55.32500076293945,2019-05-31,0.060548674085087906
252,51.9370002746582,2019-06-03,0.026872410443151362
253,52.7244987487793,2019-06-04,0.03470003807303357
254,52.231998443603516,2019-06-05,0.029804652084099548
255,52.38800048828125,2019-06-06,0.03135529117149638
256,53.41849899291992,2019-06-07,0.04159830602490877
257,54.13800048828125,2019-06-10,0.048750052942409305
258,54.051998138427734,2019-06-11,0.04789520129244318
259,53.95500183105469,2019-06-12,0.04693107120135043
260,54.550498962402344,2019-06-13,0.05285023162138158
261,54.314998626708984,2019-06-14,0.0505093903434638
262,54.69449996948242,2019-06-17,0.05428158202876987
263,55.262001037597656,2019-06-18,0.059922465391400115
264,55.22549819946289,2019-06-19,0.059559632149505104
265,55.65999984741211,2019-06-20,0.06387851938101685
266,56.26850128173828,2019-06-21,0.06992694080236694
267,55.834999084472656,2019-06-24,0.06561798797459384
268,54.37900161743164,2019-06-25,0.05114557135846187
269,54.01599884033203,2019-06-26,0.04753737316998896
270,53.83150100708008,2019-06-27,0.04570348982332195
271,54.13999938964844,2019-06-28,0.04876992174988681
272,55.0,2019-07-01,0.05731821074411836
273,55.630001068115234,2019-07-02,0.06358033559856702
274,56.14950180053711,2019-07-03,0.06874410215873461
275,56.63349914550781,2019-07-05,0.07355496988074584
276,55.839500427246094,2019-07-08,0.06566273070898998
277,56.214500427246094,2019-07-09,0.06939017965989991
278,57.045501708984375,2019-07-10,0.07765021927542026
279,57.20399856567383,2019-07-11,0.07922565645459256
280,57.266998291015625,2019-07-12,0.07985186514828024
281,57.5255012512207,2019-07-15,0.08242134938247636
282,57.67300033569336,2019-07-16,0.0838874702029504
283,57.33700180053711,2019-07-17,0.08054769050328259
284,57.36199951171875,2019-07-18,0.08079616434946701
285,56.57749938964844,2019-07-19,0.07299833993080118
286,56.96049880981445,2019-07-22,0.076805302029193
287,57.40250015258789,2019-07-23,0.08119873520631726
288,56.98649978637695,2019-07-24,0.07706374819668771
289,56.797000885009766,2019-07-25,0.07518015491375518
290,62.26100158691406,2019-07-26,0.12949157807131284
291,62.09199905395508,2019-07-29,0.1278117159001687
292,61.400001525878906,2019-07-30,0.12093335467334265
293,60.90999984741211,2019-07-31,0.11606280469375552
294,60.5890007019043,2019-08-01,0.11287211688531262
295,59.816001892089844,2019-08-02,0.10518861394478607
296,57.73749923706055,2019-08-05,0.08452858050224632
297,58.55400085449219,2019-08-06,0.09264449542841113
298,58.795501708984375,2019-08-07,0.09504498104633308
299,60.30950164794922,2019-08-08,0.11009393433745884
300,59.44499969482422,2019-08-09,0.10150090260883127
301,58.724998474121094,2019-08-12,0.09434418848946147
302,59.83649826049805,2019-08-13,0.10539234505657435
303,58.212501525878906,2019-08-14,0.08925003859060843
304,58.465999603271484,2019-08-15,0.0917697749709675
305,58.96049880981445,2019-08-16,0.09668502976737914
306,60.02199935913086,2019-08-19,0.10723620072455176
307,59.17649841308594,2019-08-20,0.09883203641967575
308,59.57899856567383,2019-08-21,0.10283283314368863
309,59.57600021362305,2019-08-22,0.10280302993247226
310,57.67900085449219,2019-08-23,0.08394711454295467
311,58.558998107910156,2019-08-26,0.09269416744710512
312,58.54100036621094,2019-08-27,0.09251527234466372
313,58.6875,2019-08-28,0.09397145876139901
314,59.71200180053711,2019-08-29,0.10415486719237865
315,59.5265007019043,2019-08-30,0.10231101152440125
316,58.477500915527344,2019-09-03,0.09188409644910667
317,59.11349868774414,2019-09-04,0.09820582772598807
318,60.609500885009766,2019-09-05,0.11307588591467255
319,60.316001892089844,2019-09-06,0.1101585458793326
320,60.26350021362305,2019-09-09,0.1096366863424737
321,60.28499984741211,2019-09-10,0.10985038977557238
322,61.0,2019-09-11,0.11695739395867677
323,61.74850082397461,2019-09-12,0.12439739025488838
324,62.00149917602539,2019-09-13,0.12691215943337797
325,61.58150100708008,2019-09-16,0.12273743480879329
326,61.49399948120117,2019-09-17,0.12186768155321903
327,61.63249969482422,2019-09-18,0.12324435482247242
328,61.9375,2019-09-19,0.12627601633595154
329,61.492000579833984,2019-09-20,0.12184781274574141
330,61.734500885009766,2019-09-23,0.12425823276740222
331,60.916500091552734,2019-09-24,0.11612741623562917
332,62.297000885009766,2019-09-25,0.12984940619376706
333,62.114498138427734,2019-09-26,0.12803535373700603
334,61.29750061035156,2019-09-27,0.11991450952654337
335,61.05699920654297,2019-09-30,0.11752395831236018
336,60.29999923706055,2019-10-01,0.1099994816667973
337,58.895999908447266,2019-10-02,0.09604391946808322
338,59.471500396728516,2019-10-03,0.10176431597819546
339,60.54800033569336,2019-10-04,0.112464578826593
340,60.412498474121094,2019-10-07,0.11111770876855598
341,59.506500244140625,2019-10-08,0.10211220969691082
342,60.119998931884766,2019-10-09,0.10821030313695479
343,60.4734992980957,2019-10-10,0.11172404865476615
344,60.785499572753906,2019-10-11,0.11482528891198829
345,60.88850021362305,2019-10-14,0.11584910126065684
346,62.11199951171875,2019-10-15,0.12801051772765915
347,62.150001525878906,2019-10-16,0.1283882525751624
348,62.63999938964844,2019-10-17,0.133258764637178
349,62.22050094604492,2019-10-18,0.1290890072144626
350,62.2140007019043,2019-10-21,0.12902439567258894
351,62.060001373291016,2019-10-22,0.12749366331024115
352,62.881500244140625,2019-10-23,0.13565925025509995
353,62.955501556396484,2019-10-24,0.13639481322505742
354,63.21500015258789,2019-10-25,0.13897419394542077
355,64.4489974975586,2019-10-28,0.15123995956925185
356,63.03300094604492,2019-10-29,0.13716514660810075
357,63.03499984741211,2019-10-30,0.13718501541557826
358,62.939998626708984,2019-10-31,0.1362407162143916
359,63.61249923706055,2019-11-01,0.14292528073316813
360,64.48049926757812,2019-11-04,0.15155308287488145
361,64.5719985961914,2019-11-05,0.15246257374541095
362,64.55049896240234,2019-11-06,0.15224887031231227
363,65.34700012207031,2019-11-07,0.16016598341098665
364,65.44999694824219,2019-11-08,0.16118975784208367
365,64.91400146484375,2019-11-11,0.15586203570265456
366,64.8604965209961,2019-11-12,0.15533020384448537
367,64.80899810791016,2019-11-13,0.15481831662893675
368,65.4574966430664,2019-11-14,0.16126430378769618
369,66.677001953125,2019-11-15,0.17338602055731478
370,65.99199676513672,2019-11-18,0.1665771622390887
371,65.62950134277344,2019-11-19,0.16297400708762833
372,65.09300231933594,2019-11-20,0.1576412798287582
373,65.00700378417969,2019-11-21,0.1567864660963636
374,64.68350219726562,2019-11-22,0.1535709043610023
375,65.28199768066406,2019-11-25,0.15951986799224982
376,65.6500015258789,2019-11-26,0.16317777611698814
377,65.60649871826172,2019-11-27,0.16274536413135
378,65.20449829101562,2019-11-29,0.1587495346092065
379,64.44300079345703,2019-12-02,0.1511803531468191
380,64.73699951171875,2019-12-03,0.15410266038402842
381,65.9469985961914,2019-12-04,0.16612988656541383
382,66.3479995727539,2019-12-05,0.17011578168381847
383,66.96949768066406,2019-12-06,0.17629338827134433
384,67.14949798583984,2019-12-09,0.17808256680118684
385,67.14450073242188,2019-12-10,0.17803289478249285
386,67.2125015258789,2019-12-11,0.17870881341244604
387,67.42449951171875,2019-12-12,0.180816044532216
388,67.34349822998047,2019-12-13,0.1800109028185155
389,68.03500366210938,2019-12-16,0.18688437267861513
390,67.74449920654297,2019-12-17,0.18399679793692014
391,67.59549713134766,2019-12-18,0.18251573759326634
392,67.8219985961914,2019-12-19,0.18476713131996336
393,67.56099700927734,2019-12-20,0.18217281107642036
394,67.53150177001953,2019-12-23,0.18187963241341132
395,67.22149658203125,2019-12-24,0.17879822304609527
396,68.12349700927734,2019-12-26,0.1877639845027852
397,67.73200225830078,2019-12-27,0.18387257997261364
398,66.9854965209961,2019-12-30,0.1764524145663081
399,66.96949768066406,2019-12-31,0.17629338827134433
400,68.43399810791016,2020-01-02,0.1908503231543992
401,68.07599639892578,2020-01-03,0.1872918349021918
402,69.8905029296875,2020-01-06,0.2053277828075436
403,69.75550079345703,2020-01-07,0.20398587995137607
404,70.25199890136719,2020-01-08,0.20892100355526522
405,70.989501953125,2020-01-09,0.21625168349277857
406,71.447998046875,2020-01-10,0.22080907224916457
407,72.00150299072266,2020-01-13,0.2263108360418803
408,71.52950286865234,2020-01-14,0.22161921908230608
409,71.95999908447266,2020-01-15,0.22589829286371965
410,72.50800323486328,2020-01-16,0.23134537951830048
411,73.97599792480469,2020-01-17,0.24593704689686957
412,74.11250305175781,2020-01-21,0.24729388927621687
413,74.19349670410156,2020-01-22,0.24809895515477443
414,74.2344970703125,2020-01-23,0.24850649321349405
415,73.30850219726562,2020-01-24,0.23930223023192998
416,71.58650207519531,2020-01-27,0.2221857834359895
417,72.5250015258789,2020-01-28,0.231514340217003
418,72.83499908447266,2020-01-29,0.23459567374917611
419,72.7125015258789,2020-01-30,0.23337806469245792
420,71.63899993896484,2020-01-31,0.22270760505527676
421,74.12999725341797,2020-02-03,0.24746777925921726
422,72.27050018310547,2020-02-04,0.22898463151533366
423,72.30249786376953,2020-02-05,0.2293026841052611
424,73.79850006103516,2020-02-06,0.2441727422939456
425,73.95549774169922,2020-02-07,0.24573327786750976
426,75.43299865722656,2020-02-10,0.26041943583431193
427,75.50299835205078,2020-02-11,0.26111522327174264
428,75.93150329589844,2020-02-12,0.26537450408082175
429,75.66950225830078,2020-02-13,0.2627702494335399
430,75.9365005493164,2020-02-14,0.26542417609951574
431,75.97200012207031,2020-02-18,0.26577703702010047
432,76.24349975585938,2020-02-19,0.26847570642047247
433,75.84950256347656,2020-02-20,0.2645594279633824
434,74.1729965209961,2020-02-21,0.2478951861254146
435,70.99299621582031,2020-02-24,0.2162864159882929
436,69.31600189208984,2020-02-25,0.19961732070117022
437,69.52349853515625,2020-02-26,0.20167980908654415
438,65.74749755859375,2020-02-27,0.16414687340995038
439,66.9625015258789,2020-02-28,0.17622384744517283
440,69.31600189208984,2020-03-02,0.19961732070117022
441,66.88600158691406,2020-03-03,0.17546344846586837
442,69.08000183105469,2020-03-04,0.19727151222138306
443,65.73799896240234,2020-03-05,0.16405245865686024
444,64.78700256347656,2020-03-06,0.15459968391154033
445,60.78950119018555,2020-03-09,0.11486506444451494
446,63.75849914550781,2020-03-10,0.14437649994803403
447,60.54499816894531,2020-03-11,0.1124347376978051
448,55.57749938964844,2020-03-12,0.06305847606170811
449,60.7135009765625,2020-03-13,0.11410963266707985
450,53.650001525878906,2020-03-16,0.043899409687871316
451,55.90299987792969,2020-03-17,0.06629390660454704
452,54.55950164794922,2020-03-18,0.052939717090173755
453,55.583499908447266,2020-03-19,0.06311812040171239
454,53.410499572753906,2020-03-20,0.04151879287742688
455,52.70650100708008,2020-03-23,0.03452114297059228
456,56.5004997253418,2020-03-24,0.07223297374962734
457,55.08100128173828,2020-03-25,0.058123352457818855
458,58.145999908447266,2020-03-26,0.08858902156626347
459,55.51300048828125,2020-03-27,0.06241736576241219
460,57.31549835205078,2020-03-30,0.08033394915261238
461,58.09749984741211,2020-03-31,0.08810693756193122
462,55.10499954223633,2020-04-01,0.05836189190026453
463,55.85150146484375,2020-04-02,0.06578201938899852
464,54.6349983215332,2020-04-03,0.05369014374816794
465,59.15950012207031,2020-04-06,0.09866307572097321
466,59.12799835205078,2020-04-07,0.09834995241534361
467,60.349998474121094,2020-04-08,0.11049646727673768
468,60.32849884033203,2020-04-09,0.110282763843639
469,60.52050018310547,2020-04-13,0.11219123105349005
470,63.26150131225586,2020-04-14,0.1394364091422754
471,62.8650016784668,2020-04-15,0.1354952567582668
472,62.871498107910156,2020-04-16,0.1355598303825689
473,63.95000076293945,2020-04-17,0.1462799999560156
474,63.057498931884766,2020-04-20,0.1374086532524157
475,60.608001708984375,2020-04-21,0.1130609843090643
476,62.920501708984375,2020-04-22,0.13604691950634207
477,63.55849838256836,2020-04-23,0.1423885195907011
478,63.83000183105469,2020-04-24,0.1450872269086445
479,63.542999267578125,2020-04-27,0.14223446049760669
480,61.62950134277344,2020-04-28,0.12321455161125605
481,67.10900115966797,2020-04-29,0.17768003386190812
482,67.33499908447266,2020-04-30,0.17992642246916424
483,65.86599731445312,2020-05-01,0.16532474485171333
484,66.1449966430664,2020-05-04,0.16809796019769763
485,67.45099639892578,2020-05-05,0.18107941998400867
486,67.27149963378906,2020-05-06,0.17929524657360707
487,68.46399688720703,2020-05-07,0.19114850693684904
488,69.21700286865234,2020-05-08,0.19863328388502832
489,70.17949676513672,2020-05-11,0.208200342190916
490,68.75900268554688,2020-05-12,0.19408082441294028
491,67.41649627685547,2020-05-13,0.1807364934671627
492,67.84300231933594,2020-05-14,0.1849759054687642
493,68.65299987792969,2020-05-15,0.19302717093548372
494,69.25900268554688,2020-05-18,0.1990507563474868
495,68.72000122070312,2020-05-19,0.19369315516169816
496,70.45800018310547,2020-05-20,0.21096862825260243
497,70.3375015258789,2020-05-21,0.20977088800336197
498,70.66200256347656,2020-05-22,0.21299638414246214
499,71.06849670410156,2020-05-26,0.21703688056385861
500,71.01399993896484,2020-05-27,0.21649519013709362
501,70.91200256347656,2020-05-28,0.21548135010973535
502,71.6760025024414,2020-05-29,0.22307540549904137
503,71.74349975585938,2020-06-01,0.22374631900955355
504,72.1155014038086,2020-06-02,0.2274439647492471
505,71.9625015258789,2020-06-03,0.22592316679063817
506,70.71499633789062,2020-06-04,0.21352313504604725
507,72.0009994506836,2020-06-05,0.2263058309224394
508,72.4020004272461,2020-06-08,0.23029172604084402
509,72.60399627685547,2020-06-09,0.23229953728808295
510,73.23500061035156,2020-06-10,0.2385716344638419
511,70.09500122070312,2020-06-11,0.20736046798170116
512,70.64600372314453,2020-06-12,0.21283735784749835
513,71.03700256347656,2020-06-15,0.21672383309337195
514,72.32350158691406,2020-06-16,0.22951145825406194
515,72.62699890136719,2020-06-17,0.23252818024436128
516,71.70600128173828,2020-06-18,0.2233735892814912
517,71.23200225830078,2020-06-19,0.21866210351443938
518,72.53299713134766,2020-06-22,0.23159381544691338
519,73.1989974975586,2020-06-23,0.23821376842381625
520,71.63500213623047,2020-06-24,0.22266786744032163
521,72.05500030517578,2020-06-25,0.22684259206490642
522,68.12699890136719,2020-06-26,0.18779879283344247
523,69.8584976196289,2020-06-29,0.2050096543824731
524,70.90249633789062,2020-06-30,0.21538685952150227
525,72.0999984741211,2020-07-01,0.22728986773858129
526,73.49649810791016,2020-07-02,0.24117088399168285
527,74.98249816894531,2020-07-06,0.2559415223078363
528,74.49600219726562,2020-07-07,0.25110581857647807
529,75.18000030517578,2020-07-08,0.25790466665582223
530,75.93299865722656,2020-07-09,0.26538936776885846
531,76.95050048828125,2020-07-10,0.275503197456095
532,75.61150360107422,2020-07-13,0.2621937506761177
533,76.04299926757812,2020-07-14,0.26648275886127015
534,75.84400177001953,2020-07-15,0.2645047508252475
535,75.74600219726562,2020-07-16,0.26353064841284435
536,75.84249877929688,2020-07-17,0.26448981130206783
537,78.19200134277344,2020-07-20,0.28784354694311
538,77.7959976196289,2020-07-21,0.28390732384339934
539,78.24250030517578,2020-07-22,0.28834549975491974
540,75.8375015258789,2020-07-23,0.26444013928337384
541,75.4104995727539,2020-07-24,0.2601957979974745
542,76.47149658203125,2020-07-27,0.2707419638352061
543,75.18250274658203,2020-07-28,0.25792954058274076
544,76.17549896240234,2020-07-29,0.2677997877905193
545,76.91850280761719,2020-07-30,0.2751851448661675
546,74.39749908447266,2020-07-31,0.250126711044634
547,74.13800048828125,2020-08-03,0.24754733032427068
548,73.66500091552734,2020-08-04,0.24284577896095771
549,73.95449829101562,2020-08-05,0.2457233434637709
550,75.24749755859375,2020-08-06,0.25857558016633453
551,74.91850280761719,2020-08-07,0.25530541712798127
552,74.84100341796875,2020-08-10,0.25453508374493805
553,74.0270004272461,2020-08-11,0.24644400482812023
554,75.36199951171875,2020-08-12,0.25971371399314236
555,75.8324966430664,2020-08-13,0.2643903914295368
556,75.23149871826172,2020-08-14,0.25841655387137075
557,75.81199645996094,2020-08-17,0.264186622400177
558,77.78900146484375,2020-08-18,0.28383778301722784
559,77.23049926757812,2020-08-19,0.27828634720581813
560,78.8125,2020-08-20,0.2940112191268971
561,78.77850341796875,2020-08-21,0.293673297729492
562,79.25749969482422,2020-08-24,0.29843445551523784
563,80.2925033569336,2020-08-25,0.3087222510206178
564,82.20649719238281,2020-08-26,0.3277470891912664
565,81.4260025024414,2020-08-27,0.31998907822269873
566,81.97149658203125,2020-08-28,0.3254112151152181
567,81.47650146484375,2020-08-31,0.3204910310345085
568,82.75399780273438,2020-09-01,0.3331891707264063
569,85.86949920654297,2020-09-02,0.364156830564232
570,81.47550201416016,2020-09-03,0.32048109663076974
571,79.06050109863281,2020-09-04,0.2964763162866928
572,76.18000030517578,2020-09-08,0.2678445305249153
573,77.36150360107422,2020-09-09,0.27958851244703053
574,76.30249786376953,2020-09-10,0.2690621395816334
575,75.78800201416016,2020-09-11,0.26394812087530284
576,75.44149780273438,2020-09-14,0.2605039161836632
577,76.75599670410156,2020-09-15,0.2735698563193254
578,75.60449981689453,2020-09-16,0.26212413401480306
579,74.35199737548828,2020-09-17,0.24967443025151825
580,72.55449676513672,2020-09-18,0.23180751888001205
581,71.50700378417969,2020-09-21,0.22139558124546865
582,72.99099731445312,2020-09-22,0.23614627491900142
583,70.46949768066406,2020-09-23,0.21108291181317007
584,71.14299774169922,2020-09-24,0.21777741073568546
585,71.9530029296875,2020-09-25,0.22582875203754815
586,72.93299865722656,2020-09-28,0.23556977616157926
587,73.3010025024414,2020-09-29,0.23922768428631758
588,73.27999877929688,2020-09-30,0.23901891013751675
589,74.3949966430664,2020-10-01,0.2501018371177155
590,72.77999877929688,2020-10-02,0.23404897820297021
591,74.1415023803711,2020-10-05,0.24758213865492795
592,72.5510025024414,2020-10-06,0.23177278638449772
593,72.95700073242188,2020-10-07,0.23580835352159635
594,74.17150115966797,2020-10-08,0.2478803224373779
595,75.52249908447266,2020-10-09,0.2613090578973637
596,78.22949981689453,2020-10-12,0.28821627667117244
597,78.35350036621094,2020-10-13,0.2894488252510703
598,78.1719970703125,2020-10-14,0.287644707198048
599,77.77349853515625,2020-10-15,0.2836836860065619
600,78.38500213623047,2020-10-16,0.2897619485566999
601,76.49749755859375,2020-10-19,0.2710004100027009
602,77.55400085449219,2020-10-20,0.28150190894117955
603,79.29949951171875,2020-10-21,0.29885192797769633
604,80.33300018310547,2020-10-22,0.3091247839598965
605,81.64900207519531,2020-10-23,0.3222056636187385
606,79.2145004272461,2020-10-26,0.2980070486490405
607,79.94400024414062,2020-10-27,0.30525817752150053
608,75.54000091552734,2020-10-28,0.26148302371550725
609,77.84400177001953,2020-10-29,0.28438447856343363
610,80.80549621582031,2020-10-30,0.3138213302037687
611,81.21600341796875,2020-11-02,0.3179017159104064
612,82.28299713134766,2020-11-03,0.32850748817057085
613,87.2925033569336,2020-11-04,0.37830129810426927
614,88.125,2020-11-05,0.38657620140782634
615,87.98650360107422,2020-11-06,0.38519956605614447
616,88.07099914550781,2020-11-09,0.3860394402653593
617,86.88600158691406,2020-11-10,0.37426072584772974
618,87.36150360107422,2020-11-11,0.37898715113796133
619,87.14099884033203,2020-11-12,0.37679536383369705
620,88.61299896240234,2020-11-13,0.3914268446623643
621,88.70149993896484,2020-11-16,0.39230653232167734
622,88.08300018310547,2020-11-17,0.38615872894536785
623,87.03199768066406,2020-11-18,0.3757119071450241
624,87.92849731445312,2020-11-19,0.38462299146357914
625,86.81900024414062,2020-11-20,0.3735947416215154
626,86.37799835205078,2020-11-23,0.3692112428481299
627,88.19499969482422,2020-11-24,0.38727198884525715
628,88.20649719238281,2020-11-25,0.3873862724058248
629,89.35099792480469,2020-11-27,0.3987624538841755
630,87.72000122070312,2020-11-30,0.3825505686744666
631,89.76799774169922,2020-12-01,0.40290737529754395
632,91.24849700927734,2020-12-02,0.4176233364755625
633,91.09200286865234,2020-12-03,0.4160678060214392
634,91.18800354003906,2020-12-04,0.41702203962636475
635,90.85150146484375,2020-12-07,0.41367725480725603
636,90.56649780273438,2020-12-08,0.41084435720369583
637,88.89299774169922,2020-12-09,0.3942099944120875
638,88.38249969482422,2020-12-10,0.38913571332071206
639,88.73999786376953,2020-12-11,0.39268919645347855
640,87.61299896240234,2020-12-14,0.38148698079327126
641,88.05400085449219,2020-12-15,0.38587047956665677
642,87.8594970703125,2020-12-16,0.3839371384298872
643,87.02549743652344,2020-12-17,0.37564729560315047
644,86.31099700927734,2020-12-18,0.36854525862191545
645,86.72799682617188,2020-12-21,0.37269018003528376
646,86.01100158691406,2020-12-22,0.3655633449622734
647,86.4114990234375,2020-12-23,0.369544234961237
648,86.70800018310547,2020-12-24,0.37249141612536485
649,88.697998046875,2020-12-28,0.39227172399102006
650,87.88800048828125,2020-12-29,0.3842204585243004
651,86.8125,2020-12-30,0.37353013007964164
652,87.63200378417969,2020-12-31,0.38167588613459436
653,86.30650329589844,2021-01-04,0.36850059172266236
654,87.00250244140625,2021-01-05,0.3754187284820152
655,86.14399719238281,2021-01-06,0.36688530317582035
656,88.71700286865234,2021-01-07,0.39246062933234327
657,89.8915023803711,2021-01-08,0.40413499459314384
658,87.81449890136719,2021-01-11,0.38348986275621233
659,86.87149810791016,2021-01-12,0.37411656324080267
660,87.36250305175781,2021-01-13,0.3789970855417001
661,86.5459976196289,2021-01-14,0.37088113269796374
662,86.38099670410156,2021-01-15,0.36924104605934627
663,89.22350311279297,2021-01-19,0.39749517280876345
664,94.00350189208984,2021-01-20,0.4450077099694054
665,94.2074966430664,2021-01-21,0.44703539002412196
666,94.62799835205078,2021-01-22,0.45121511976814765
667,94.71399688720703,2021-01-25,0.45206993350054225
668,95.39749908447266,2021-01-26,0.45886385229558857
669,90.9469985961914,2021-01-27,0.41462648329274066
670,92.66000366210938,2021-01-28,0.431653520455032
671,91.36799621582031,2021-01-29,0.4188111423210642
672,94.65350341796875,2021-02-01,0.4514686366513445
673,95.95600128173828,2021-02-02,0.46441528810699817
674,102.94400024414062,2021-02-03,0.5338750465106412
675,102.68150329589844,2021-02-04,0.5312658625790614
676,104.44149780273438,2021-02-05,0.5487599683873623
677,104.22599792480469,2021-02-08,0.5466179289369351
678,103.76950073242188,2021-02-09,0.5420804089880267
679,104.3239974975586,2021-02-10,0.5475920313493381
680,104.4375,2021-02-11,0.5487202307724071
681,104.75150299072266,2021-02-12,0.5518413777546785
682,105.53500366210938,2021-02-16,0.5596292677696053
683,105.93099975585938,2021-02-17,0.5635654150341729
684,105.29049682617188,2021-02-18,0.5571989031053239
685,104.44049835205078,2021-02-19,0.5487500339836235
686,102.71299743652344,2021-02-22,0.531578910049548
687,103.00599670410156,2021-02-23,0.5344912828830186
688,104.19049835205078,2021-02-24,0.5462650680163501
689,100.79750061035156,2021-02-25,0.5125391323557198
690,101.09549713134766,2021-02-26,0.5155011772078841
691,103.48300170898438,2021-03-01,0.5392326476964298
692,103.2239990234375,2021-03-02,0.5366581962603643
693,100.57050323486328,2021-03-03,0.5102828093447248
694,101.69650268554688,2021-03-04,0.5214750906011933
695,104.85350036621094,2021-03-05,0.5528552177820367
696,100.375,2021-03-08,0.5083395338042165
697,102.01799774169922,2021-03-09,0.5246707076939341
698,101.80950164794922,2021-03-10,0.5225982849048214
699,105.0270004272461,2021-03-11,0.5545797847700054
700,102.5,2021-03-12,0.5294617445260392
701,102.72200012207031,2021-03-15,0.5316683955183401
702,104.19450378417969,2021-03-16,0.5463048814664484
703,104.11100006103516,2021-03-17,0.5454748658258293
704,101.06700134277344,2021-03-18,0.515217932948614
705,101.3479995727539,2021-03-19,0.518011017102076
706,101.53450012207031,2021-03-22,0.5198648071737921
707,102.06649780273438,2021-03-23,0.5251527916982661
708,101.62650299072266,2021-03-24,0.5207793031637624
709,101.62300109863281,2021-03-25,0.5207444948331053
710,101.23650360107422,2021-03-26,0.5169027623216276
711,102.28949737548828,2021-03-29,0.527369377094306
712,102.32350158691406,2021-03-30,0.5277073743268541
713,103.1259994506836,2021-03-31,0.5356840938479612
714,106.48899841308594,2021-04-01,0.5691118457261417
715,110.947998046875,2021-04-05,0.613433695078341
716,110.46299743652344,2021-04-06,0.6086128550350194
717,111.95149993896484,2021-04-07,0.6234083672780912
718,112.52149963378906,2021-04-08,0.6290740866500686
719,113.53350067138672,2021-04-09,0.6391332391991702
720,112.23100280761719,2021-04-12,0.6261865877435167
721,112.72149658203125,2021-04-13,0.6310620290898299
722,112.09549713134766,2021-04-14,0.6248396797679081
723,114.26249694824219,2021-04-15,0.6463793629521892
724,114.13749694824219,2021-04-16,0.6451368799685526
725,114.48799896240234,2021-04-19,0.6486208222751475
726,113.95050048828125,2021-04-20,0.6432781606125386
727,113.9175033569336,2021-04-21,0.6429501736188723
728,112.6259994506836,2021-04-22,0.6301128006043455
729,114.99649810791016,2021-04-23,0.6536752345590453
730,115.49649810791016,2021-04-26,0.658645166493592
731,114.54900360107422,2021-04-27,0.6492272000789292
732,117.9520034790039,2021-04-28,0.6830525556120906
733,119.63800048828125,2021-04-29,0.6998111363680055
734,117.67500305175781,2021-04-30,0.6802992090735838
735,117.15399932861328,2021-05-03,0.6751205029902365
736,115.34149932861328,2021-05-04,0.6571044997275053
737,115.7385025024414,2021-05-05,0.6610506572309549
738,116.86750030517578,2021-05-06,0.6722727416986396
739,117.59649658203125,2021-05-07,0.6795188654516586
740,114.5875015258789,2021-05-10,0.6496098642107304
741,113.50299835205078,2021-05-11,0.6388300502972795
742,110.01249694824219,2021-05-12,0.6041349415085437
743,111.4520034790039,2021-05-13,0.6184434404629857
744,113.91899871826172,2021-05-14,0.6429650373069089
745,114.44599914550781,2021-05-17,0.6482033498126891
746,113.12349700927734,2021-05-18,0.6350578586119735
747,113.57499694824219,2021-05-19,0.6395457065421879
748,115.34750366210938,2021-05-20,0.6571641819850811
749,114.70649719238281,2021-05-21,0.6507926649367912
750,118.052001953125,2021-05-24,0.6840465268319713
751,118.14350128173828,2021-05-25,0.6849560177025007
752,119.0155029296875,2021-05-26,0.6936235953767409
753,118.13400268554688,2021-05-27,0.6848616029494108
754,117.84249877929688,2021-05-28,0.6819640938039768
755,119.05899810791016,2021-06-01,0.6940559315272359
756,118.52950286865234,2021-06-02,0.6887928209296805
757,117.37899780273438,2021-06-03,0.6773569571937539
758,119.67849731445312,2021-06-04,0.7002136693072842
759,120.11499786376953,2021-06-07,0.7045524253462736
760,119.9219970703125,2021-06-08,0.7026340237326838
761,120.39700317382812,2021-06-09,0.7073555197386174
762,121.75650024414062,2021-06-10,0.7208687355479546
763,121.51000213623047,2021-06-11,0.7184185779113386
764,122.44550323486328,2021-06-14,0.7277173314811358
765,121.41950225830078,2021-06-15,0.7175190214445479
766,120.77249908447266,2021-06-16,0.7110878979738253
767,121.74349975585938,2021-06-17,0.7207395124642073
768,120.11100006103516,2021-06-18,0.7045126877313186
769,121.8125,2021-06-21,0.7214253654978993
770,122.33049774169922,2021-06-22,0.726574192534887
771,122.12699890136719,2021-06-23,0.7245514417644683
772,122.5,2021-06-24,0.7282590219079006
773,122.50849914550781,2021-06-25,0.728343502257252
774,122.53600311279297,2021-06-28,0.7286168879479265
775,122.27249908447266,2021-06-29,0.7259976937774648
776,122.0895004272461,2021-06-30,0.724178712036406
777,122.44450378417969,2021-07-01,0.7277073970773971
778,125.25749969482422,2021-07-02,0.7556681934935192
779,126.19000244140625,2021-07-06,0.7649371438521
780,126.4739990234375,2021-07-07,0.7677600312167783
781,125.04399871826172,2021-07-08,0.7535460228505695
782,125.51850128173828,2021-07-09,0.7582625137370622
783,126.97550201416016,2021-07-12,0.7727449026745046
784,127.34149932861328,2021-07-13,0.7763828661566221
785,128.23699951171875,2021-07-14,0.7852840160714385
786,127.00499725341797,2021-07-15,0.7730380813375135
787,126.97000122070312,2021-07-16,0.7726902255363697
788,124.5780029296875,2021-07-19,0.748914088148571
789,126.20950317382812,2021-07-20,0.7651309784777209
790,127.54900360107422,2021-07-21,0.7784454303771391
791,128.42149353027344,2021-07-22,0.7871178615005341
792,133.01499938964844,2021-07-23,0.832776684424603
793,134.03500366210938,2021-07-26,0.8429153880387579
794,131.89999389648438,2021-07-27,0.821693681609261
795,136.093994140625,2021-07-28,0.8633814731029621
796,135.77749633789062,2021-07-29,0.8602355280289153
797,134.72650146484375,2021-07-30,0.8497887820637147
798,134.85450744628906,2021-08-02,0.8510611440937106
799,135.6300048828125,2021-08-03,0.8587694830435844
800,135.12550354003906,2021-08-04,0.8537548083746416
801,136.25149536132812,2021-08-05,0.8649470137959672
802,135.73849487304688,2021-08-06,0.8598478587776732
803,136.91299438476562,2021-08-09,0.8715222240384739
804,136.8070068359375,2021-08-10,0.8704687222313034
805,136.2790069580078,2021-08-11,0.8652204753217845
806,137.19400024414062,2021-08-12,0.8743153840270788
807,137.7274932861328,2021-08-13,0.8796182322395896
808,138.3094940185547,2021-08-16,0.8854032402915755
809,136.6614990234375,2021-08-17,0.8690223943831639
810,135.44900512695312,2021-08-18,0.8569703701100031
811,135.67999267578125,2021-08-19,0.8592663549008102
812,137.42950439453125,2021-08-20,0.8766562632225681
813,140.04150390625,2021-08-23,0.9026191827951902
814,141.26150512695312,2021-08-24,0.9147458288491064
815,142.07899475097656,2021-08-25,0.9228715644262955
816,141.4405059814453,2021-08-26,0.9165250729752101
817,144.00399780273438,2021-08-27,0.9420058327083569
818,144.5904998779297,2021-08-30,0.947835583494739
819,144.69749450683594,2021-08-31,0.9488990955407912
820,145.2154998779297,2021-09-01,0.954047998412922
821,143.28700256347656,2021-09-02,0.9348789976353464
822,143.739501953125,2021-09-03,0.9393767799692996
823,144.28050231933594,2021-09-07,0.9447542499625659
824,143.6909942626953,2021-09-08,0.9388946201298245
825,143.54100036621094,2021-09-09,0.9374037012175749
826,140.87600708007812,2021-09-10,0.9109140307413677
827,142.33250427246094,2021-09-13,0.9253914145593691
828,142.54449462890625,2021-09-14,0.9274985698439961
829,144.42950439453125,2021-09-15,0.9462353103062195
830,143.61000061035156,2021-09-16,0.9380895542512668
831,140.8000030517578,2021-09-17,0.9101585610463612
832,138.71949768066406,2021-09-20,0.8894786208787724
833,139.0330047607422,2021-09-21,0.8925948385767457
834,140.2834930419922,2021-09-22,0.9050245218622668
835,141.21600341796875,2021-09-23,0.9142935480559906
836,142.21499633789062,2021-09-24,0.9242234016862019
837,141.07200622558594,2021-09-27,0.912862235566174
838,135.8300018310547,2021-09-28,0.8607574254833457
839,134.35350036621094,2021-09-29,0.8460812019202824
840,133.67599487304688,2021-09-30,0.8393468895476688
841,136.54299926757812,2021-10-01,0.8678445229414009
842,133.6595001220703,2021-10-04,0.8391829339684072
843,136.0229949951172,2021-10-05,0.8626757512617924
844,137.56500244140625,2021-10-06,0.8780030953630336
845,139.22500610351562,2021-10-07,0.8945033057865968
846,139.78550720214844,2021-10-08,0.900074610405484
847,138.91400146484375,2021-10-11,0.8914119620155418
848,136.44900512695312,2021-10-12,0.8669102339790962
849,137.58200073242188,2021-10-13,0.8781720560617361
850,141.1510009765625,2021-10-14,0.9136474326372539
851,141.3679962158203,2021-10-15,0.9158043357757177
852,142.7779998779297,2021-10-18,0.9298195802320077
853,143.23699951171875,2021-10-19,0.9343819741078345
854,141.7689971923828,2021-10-20,0.9197902308941224
855,141.88600158691406,2021-10-21,0.9209532386478487
856,137.56649780273438,2021-10-22,0.8780179590510702
857,137.44700622558594,2021-10-25,0.8768302290407115
858,139.30850219726562,2021-10-26,0.8953332455920728
859,146.21749877929688,2021-10-27,0.9640077310894928
860,145.8489990234375,2021-10-28,0.9603448936804566
861,148.04600524902344,2021-10-29,0.9821828364823306
862,143.4969940185547,2021-11-01,0.9369662841124957
863,145.4324951171875,2021-11-02,0.956204901551386
864,146.59800720214844,2021-11-03,0.9677899330136805
865,148.2675018310547,2021-11-04,0.9843844823551908
866,148.8520050048828,2021-11-05,0.9901943643340951
867,149.031005859375,2021-11-08,0.9919736084601989
868,148.9185028076172,2021-11-09,0.9908553434408687
869,145.89349365234375,2021-11-10,0.9607871642346903
870,145.76649475097656,2021-11-11,0.9595248124435762
871,148.67799377441406,2021-11-12,0.9884647163915423
872,148.45199584960938,2021-11-15,0.9862183277842862
873,147.87600708007812,2021-11-16,0.9804930778250192
874,148.0469970703125,2021-11-17,0.9821926950509265
875,149.8385009765625,2021-11-18,1.0
876,148.92649841308594,2021-11-19,0.9909348186707789
877,146.302001953125,2021-11-22,0.9648476811338507
878,145.78199768066406,2021-11-23,0.9596789094542422
879,146.1199951171875,2021-11-24,0.9630385579613876
880,142.18299865722656,2021-11-26,0.9239053490962745
881,145.53050231933594,2021-11-29,0.9571790797989321
882,141.8975067138672,2021-11-30,0.9210675980435594
883,141.05149841308594,2021-12-01,0.912658390701671
884,142.96600341796875,2021-12-02,0.9316883098269035
885,142.00149536132812,2021-12-03,0.9221012310432524
886,143.15499877929688,2021-12-06,0.9335668979903953
887,147.26950073242188,2021-12-07,0.9744644872935753
888,148.18649291992188,2021-12-08,0.983579264806347
889,147.6385040283203,2021-12-09,0.9781323298220523
890,148.00149536132812,2021-12-10,0.9817404142578108
891,145.82650756835938,2021-12-13,0.9601213316787622
892,143.90699768066406,2021-12-14,0.9410416646996926
893,146.4409942626953,2021-12-15,0.9662292457698303
894,144.44500732421875,2021-12-16,0.9463894073168855
895,141.72500610351562,2021-12-17,0.9193529654593295
896,141.60699462890625,2021-12-20,0.9181799474667214
897,143.47250366210938,2021-12-21,0.9367228533033238
898,146.4149932861328,2021-12-22,0.9659707996023357
899,146.91650390625,2021-12-23,0.9709557468952048
900,147.906494140625,2021-12-27,0.980796115056624
901,146.68699645996094,2021-12-28,0.9686744741221485
902,146.65499877929688,2021-12-29,0.9683564215322209
903,146.20050048828125,2021-12-30,0.9638387703907902
904,144.8520050048828,2021-12-31,0.9504349088577229
905,144.9915008544922,2022-01-03,0.9518214786131436
906,144.39950561523438,2022-01-04,0.9459371265237697
907,137.77499389648438,2022-01-05,0.8800903818401828
908,137.74749755859375,2022-01-06,0.8798170719846514
909,137.01699829101562,2022-01-07,0.8725560087084527
910,138.66949462890625,2022-01-10,0.8889815973512605
911,139.73599243164062,2022-01-11,0.8995824403271269
912,141.4304962158203,2022-01-12,0.916425577267536
913,138.58700561523438,2022-01-13,0.8881616677846662
914,139.48049926757812,2022-01-14,0.8970428730568618
915,135.9980010986328,2022-01-18,0.8624273153331796
916,135.1165008544922,2022-01-19,0.8536653229058495
917,133.3074951171875,2022-01-20,0.8356840521386326
918,130.35150146484375,2022-01-21,0.8063018776364324
919,130.8040008544922,2022-01-24,0.8107996599703855
920,126.93499755859375,2022-01-25,0.7723422939000826
921,129.23300170898438,2022-01-26,0.7951841423255763
922,129.0050048828125,2022-01-27,0.7929178849108427
923,133.3509979248047,2022-01-28,0.8361164641242707
924,135.30349731445312,2022-01-31,0.8555240422618635
925,137.6439971923828,2022-02-01,0.8787882924341135
926,148.0,2022-02-02,0.981725550569774
927,143.08999633789062,2022-02-03,0.9329207825716583
928,143.29299926757812,2022-02-04,0.9349386040577792
929,139.2010040283203,2022-02-07,0.8942647284265797
930,139.3990020751953,2022-02-08,0.8962328020588635
931,141.5919952392578,2022-02-09,0.9180308555754964
932,138.6199951171875,2022-02-10,0.8884895789431895
933,134.28250122070312,2022-02-11,0.8453754800791127
934,135.5260009765625,2022-02-14,0.8577356983736053
935,136.60850524902344,2022-02-15,0.8684956434795787
936,137.73800659179688,2022-02-16,0.8797227330667046
937,132.53900146484375,2022-02-17,0.8280453298500734
938,130.4029998779297,2022-02-18,0.8068137648519809
939,129.81350708007812,2022-02-22,0.8009542866895256
940,127.58799743652344,2022-02-23,0.7788330237932382
941,132.6909942626953,2022-02-24,0.8295561175698005
942,134.45950317382812,2022-02-25,0.8471348553977387
943,135.0570068359375,2022-02-28,0.8530739604603905
944,134.06149291992188,2022-03-01,0.8431786876554075
945,134.57150268554688,2022-03-02,0.848248115297628
946,133.89950561523438,2022-03-03,0.8415685558982924
947,131.906494140625,2022-03-04,0.8217582931511349
948,126.37850189208984,2022-03-07,0.7668108027312937
949,127.10449981689453,2022-03-08,0.7740271232730962
950,133.4199981689453,2022-03-09,0.8368023171579626
951,132.42950439453125,2022-03-10,0.8269569438771027
952,129.87049865722656,2022-03-11,0.801520775208066
953,125.95099639892578,2022-03-14,0.7625614563259533
954,129.197998046875,2022-03-15,0.7948362106892894
955,133.28050231933594,2022-03-16,0.8354157474025421
956,133.83900451660156,2022-03-17,0.8409671832139518
957,136.12550354003906,2022-03-18,0.8636946722437346
958,136.10150146484375,2022-03-21,0.8634560948837176
959,139.8679962158203,2022-03-22,0.9008945399720782
960,138.27549743652344,2022-03-23,0.8850653188941704
961,141.57200622558594,2022-03-24,0.9178321675007204
962,141.67300415039062,2022-03-25,0.9188360731243399
963,141.45550537109375,2022-03-28,0.9166741648664352
964,142.5054931640625,2022-03-29,0.927110900592754
965,141.93850708007812,2022-03-30,0.921475136102279
966,139.0675048828125,2022-03-31,0.8929377650935917
967,140.15049743652344,2022-04-01,0.9037025636487199
968,142.97149658203125,2022-04-04,0.9317429111298954
969,140.59100341796875,2022-04-05,0.9080811331378076
970,136.54800415039062,2022-04-06,0.867894270795238
971,135.8885040283203,2022-04-07,0.8613389293602087
972,133.28750610351562,2022-04-08,0.8354853640638567
973,128.82350158691406,2022-04-11,0.7911137668578205
974,127.7145004272461,2022-04-12,0.7800904463000544
975,129.8939971923828,2022-04-13,0.8017543474486422
976,126.7300033569336,2022-04-14,0.7703046794416273
977,127.67649841308594,2022-04-18,0.7797127114525513
978,130.00900268554688,2022-04-19,0.802897486394891
979,128.0399932861328,2022-04-20,0.7833258010077504
980,124.81449890136719,2022-04-21,0.751264825912656
981,119.635498046875,2022-04-22,0.6997862624410869
982,123.0739974975586,2022-04-25,0.7339644788948332
983,118.6500015258789,2022-04-26,0.689990561178921
984,114.29450225830078,2022-04-27,0.6466974913772598
985,118.52249908447266,2022-04-28,0.6887232042683658
986,114.1094970703125,2022-04-29,0.6448585649935803
987,116.58300018310547,2022-05-02,0.6694448492145204
988,117.33399963378906,2022-05-03,0.676909681520079
989,122.26100158691406,2022-05-04,0.7258834102168972
990,116.50550079345703,2022-05-05,0.6686745158314771
991,115.74649810791016,2022-05-06,0.6611301324608652
992,112.51100158691406,2022-05-09,0.6289697374932397
993,114.3949966430664,2022-05-10,0.6476963918814385
994,113.60250091552734,2022-05-11,0.6398190922328622
995,112.84400177001953,2022-05-12,0.6322797139816911
996,116.05049896240234,2022-05-13,0.6641518595706055
997,114.44499969482422,2022-05-16,0.6481934154089504
998,116.4729995727539,2022-05-17,0.6683514581221088
999,111.89949798583984,2022-05-18,0.6228914749431018
1000,110.38400268554688,2022-05-19,0.6078276579639394
1001,108.90799713134766,2022-05-20,0.5931563636851738
1002,111.48799896240234,2022-05-23,0.6188012306678683
1003,105.97000122070312,2022-05-24,0.563953084285415
1004,105.80500030517578,2022-05-25,0.5623129976467975
1005,107.7925033569336,2022-05-26,0.5820685074206773
1006,112.31649780273438,2022-05-27,0.6270363963564702
1007,113.76200103759766,2022-05-31,0.641404501733345
1008,113.89199829101562,2022-06-01,0.6426966567356756
1009,117.62249755859375,2022-06-02,0.6797773116191534
1010,114.54100036621094,2022-06-03,0.6491476490138759
1011,116.82050323486328,2022-06-06,0.6718055972174872
1012,117.14949798583984,2022-06-07,0.6750757602558404
1013,117.19400024414062,2022-06-08,0.6755181066452174
1014,114.83550262451172,2022-06-09,0.6520749613705261
1015,111.1614990234375,2022-06-10,0.6155558657212905
1016,106.39250183105469,2022-06-13,0.5681526828369183
1017,106.71549987792969,2022-06-14,0.5713632394528387
1018,109.7645034790039,2022-06-15,0.6016699201838911
1019,106.03350067138672,2022-06-16,0.5645842601809723
1020,107.14350128173828,2022-06-17,0.5756175151424769
1021,111.54399871826172,2022-06-21,0.619357860617813
1022,111.48750305175781,2022-06-22,0.6187963013835704
1023,112.24199676513672,2022-06-23,0.6262958661846434
1024,117.9749984741211,2022-06-24,0.6832811227332258
1025,115.83350372314453,2022-06-27,0.6619949564321415
1026,112.00749969482422,2022-06-28,0.6239649972280359
1027,111.70149993896484,2022-06-29,0.620923401310818
1028,108.96299743652344,2022-06-30,0.5937030592313797
1029,108.73750305175781,2022-07-01,0.5914616757435645
1030,113.26300048828125,2022-07-05,0.6364445042025371
1031,114.5719985961914,2022-07-06,0.6494557672000645
1032,118.78299713134766,2022-07-07,0.6913125193924679
1033,119.35350036621094,2022-07-08,0.6969832438838861
1034,115.67649841308594,2022-07-11,0.6604343450234345
1035,114.02050018310547,2022-07-12,0.6439739480499693
1036,111.35350036621094,2022-07-13,0.6174643329311416
1037,110.36750030517578,2022-07-14,0.6076636265495348
1038,111.77749633789062,2022-07-15,0.6216787951706815
1039,109.02999877929688,2022-07-18,0.5943690434575941
1040,113.80999755859375,2022-07-19,0.6418815806182361
1041,113.9000015258789,2022-07-20,0.6427762078007289
1042,114.33999633789062,2022-07-21,0.6471496963352326
1043,107.9000015258789,2022-07-22,0.5831370245861704
1044,107.51000213623047,2022-07-25,0.5792604837440356
1045,105.0199966430664,2022-07-26,0.5545101681086908
1046,113.05999755859375,2022-07-27,0.6344266827164162
1047,114.22000122070312,2022-07-28,0.645956961205433
1048,116.31999969482422,2022-07-29,0.6668306601634997
1049,114.86000061035156,2022-08-01,0.6523184680148411
1050,115.12999725341797,2022-08-02,0.6550021978920333
1051,118.08000183105469,2022-08-03,0.6843248418069436
1052,118.19000244140625,2022-08-04,0.6854182328993552
1053,117.47000122070312,2022-08-05,0.6782615187799854
1054,117.30000305175781,2022-08-08,0.676571760122674
1055,116.62999725341797,2022-08-09,0.6699119936956728
1056,119.69999694824219,2022-08-10,0.7004273727403829
1057,118.83999633789062,2022-08-11,0.6918790837461515
1058,121.68000030517578,2022-08-12,0.72010833656865
1059,122.08000183105469,2022-08-15,0.7240842972833159
1060,121.69999694824219,2022-08-16,0.720307100478569
1061,119.55000305175781,2022-08-17,0.6989364538281333
1062,120.16999816894531,2022-08-18,0.7050991208924795
1063,117.20999908447266,2022-08-19,0.6756771329401812
1064,114.23999786376953,2022-08-22,0.6461557251153518
1065,113.86000061035156,2022-08-23,0.642378604145748
1066,113.69000244140625,2022-08-24,0.6406888454884365
1067,116.6500015258789,2022-08-25,0.6701108334407349
1068,110.33999633789062,2022-08-26,0.6073902408588603
1069,109.41999816894531,2022-08-29,0.598245584299729
1070,108.94000244140625,2022-08-30,0.5934744921102444
1071,108.22000122070312,2022-08-31,0.5863177779908746
1072,109.73999786376953,2022-09-01,0.6014263377044331
1073,107.8499984741211,2022-09-02,0.5826400010586585
1074,106.80999755859375,2022-09-06,0.5723025335345846
1075,109.44999694824219,2022-09-07,0.5985437680821788
1076,108.37999725341797,2022-09-08,0.587908116775655
1077,110.6500015258789,2022-09-09,0.6104716502261764
1078,110.86000061035156,2022-09-12,0.6125590125384688
1079,104.31999969482422,2022-09-13,0.5475522937343829
1080,105.0,2022-09-14,0.554311404198772
1081,102.91000366210938,2022-09-15,0.5335371251132361
1082,102.80000305175781,2022-09-16,0.5324437340208243
1083,103.06999969482422,2022-09-19,0.5351274638980166
1084,101.13999938964844,2022-09-20,0.5159435235972611
1085,99.27999877929688,2022-09-21,0.49745537073393664
1086,100.13999938964844,2022-09-22,0.5060036597281682
1087,98.73999786376953,2022-09-23,0.49208783514440924
1088,98.16999816894531,2022-09-26,0.4864221157724319
1089,97.5,2022-09-27,0.4797624251805739
1090,100.05000305175781,2022-09-28,0.5051091083808185
1091,97.41999816894531,2022-09-29,0.47896721787061214
1092,95.6500015258789,2022-09-30,0.4613736921897803
1093,98.63999938964844,2022-10-03,0.4910938639245286
1094,101.63999938964844,2022-10-04,0.5209134555318078
1095,101.43000030517578,2022-10-05,0.5188260932195154
1096,101.41999816894531,2022-10-06,0.5187266733469844
1097,98.68000030517578,2022-10-07,0.49149146757950946
1098,97.86000061035156,2022-10-10,0.4833407822402588
1099,97.18000030517578,2022-10-11,0.47658167177586985
1100,97.55999755859375,2022-10-12,0.48035879274547366
1101,99.05999755859375,2022-10-13,0.49526858854911326
1102,96.55999755859375,2022-10-14,0.4704189288763806
1103,99.97000122070312,2022-10-17,0.5043139010708566
1104,100.7699966430664,2022-10-18,0.5122657466650453
1105,99.62999725341797,2022-10-19,0.5009343079210906
1106,99.97000122070312,2022-10-20,0.5043139010708566
1107,101.12999725341797,2022-10-21,0.5158441037247303
1108,102.5199966430664,2022-10-24,0.5296605084359582
1109,104.4800033569336,2022-10-25,0.5491427083543066
1110,94.93000030517578,2022-10-26,0.4542169780704104
1111,92.22000122070312,2022-10-27,0.4272799560853854
1112,96.29000091552734,2022-10-28,0.4677351989991885
1113,94.51000213623047,2022-10-31,0.4500422534458256
1114,90.47000122070312,2022-11-01,0.40988519431447246
1115,86.97000122070312,2022-11-02,0.3750956707726467
1116,83.43000030517578,2022-11-03,0.3399085435758401
1117,86.58000183105469,2022-11-04,0.37121912993051187
1118,88.48999786376953,2022-11-07,0.39020423048620523
1119,88.9000015258789,2022-11-08,0.39427961107340204
1120,87.31999969482422,2022-11-09,0.3785746079598007
1121,93.94000244140625,2022-11-10,0.44437653407384836
1122,96.41000366210938,2022-11-11,0.4689280099641311
1123,95.69999694824219,2022-11-14,0.46187063988214916
1124,98.44000244140625,2022-11-15,0.48910592148476717
1125,98.8499984741211,2022-11-16,0.4931812262368209
1126,98.36000061035156,2022-11-17,0.4883107141748054
1127,97.43000030517578,2022-11-18,0.47906663774314306
1128,95.5999984741211,2022-11-21,0.4608766686622684
1129,97.05000305175781,2022-11-22,0.47528951677353926
1130,98.45999908447266,2022-11-23,0.4893046853946861
1131,97.45999908447266,2022-11-25,0.479364821525593
1132,96.05000305175781,2022-11-28,0.4653496529044462
1133,95.19000244140625,2022-11-29,0.45680136391021464
1134,100.98999786376953,2022-11-30,0.5144525288498687
1135,100.98999786376953,2022-12-01,0.5144525288498687
1136,100.44000244140625,2022-12-02,0.5089856492229533
1137,99.4800033569336,2022-12-05,0.4994433890088411
1138,96.9800033569336,2022-12-06,0.47459372933610844
1139,94.94000244140625,2022-12-07,0.45431639794294143
1140,93.70999908447266,2022-12-08,0.44209033201649395
1141,92.83000183105469,2022-12-09,0.4333432791123436
1142,93.30999755859375,2022-12-12,0.4381143713018282
1143,95.62999725341797,2022-12-13,0.46117485244471834
1144,95.06999969482422,2022-12-14,0.455608552945272
1145,90.86000061035156,2022-12-15,0.4137617351566073
1146,90.26000213623047,2022-12-16,0.4077978320021801
1147,88.44000244140625,2022-12-19,0.3897072827938364
1148,89.0199966430664,2022-12-20,0.3954723462032017
1149,89.58000183105469,2022-12-21,0.4010387215377911
1150,87.76000213623047,2022-12-22,0.38294817232944744
1151,89.2300033569336,2022-12-23,0.3975597843506371
1152,87.38999938964844,2022-12-27,0.3792703953972315
1153,86.0199966430664,2022-12-28,0.3656527545959225
1154,88.44999694824219,2022-12-29,0.38980662683122436
1155,88.2300033569336,2022-12-30,0.38761992048154403
1156,89.12000274658203,2023-01-03,0.3964663932582254
1157,88.08000183105469,2023-01-04,0.3861289257341515
1158,86.19999694824219,2023-01-05,0.367441933125765
1159,87.33999633789062,2023-01-06,0.3787733718697196
1160,88.0199966430664,2023-01-09,0.38553248233410864
1161,88.41999816894531,2023-01-10,0.3895084430487744
1162,91.5199966430664,2023-01-11,0.4203220058759344
1163,91.12999725341797,2023-01-12,0.41644546503379953
1164,92.12000274658203,2023-01-13,0.4262859848655046
1165,91.29000091552734,2023-01-17,0.41803587965372313
1166,91.12000274658203,2023-01-18,0.41634612099641155
1167,93.05000305175781,2023-01-19,0.435530061297167
1168,98.0199966430664,2023-01-20,0.4849311210250393
1169,99.79000091552734,2023-01-23,0.5025247225410142
1170,97.69999694824219,2023-01-24,0.4817503676203353
1171,95.22000122070312,2023-01-25,0.4570995476926646
1172,97.5199966430664,2023-01-26,0.4799611890904928
1173,99.37000274658203,2023-01-27,0.4983499979164294
1174,96.94000244140625,2023-01-30,0.47419612568112757
1175,98.83999633789062,2023-01-31,0.4930818063642899
1176,100.43000030517578,2023-02-01,0.5088862293504223
1177,107.73999786376953,2023-02-02,0.581546609966247
1178,104.77999877929688,2023-02-03,0.5521246220139486
1179,102.9000015258789,2023-02-06,0.5334377052407051
1180,107.63999938964844,2023-02-07,0.5805526387463662
1181,99.37000274658203,2023-02-08,0.4983499979164294
1182,95.01000213623047,2023-02-09,0.45501218538037214
1183,94.56999969482422,2023-02-10,0.4506386210107255
1184,94.61000061035156,2023-02-13,0.45103622466570636
1185,94.68000030517578,2023-02-14,0.4517320121031372
1186,96.94000244140625,2023-02-15,0.47419612568112757
1187,95.51000213623047,2023-02-16,0.45998211731491867
1188,94.3499984741211,2023-02-17,0.4484518388259021
1189,91.79000091552734,2023-02-21,0.42300581158826966
1190,91.6500015258789,2023-02-22,0.42161423671340803
1191,90.88999938964844,2023-02-23,0.41405991893905725
1192,89.12999725341797,2023-02-24,0.3965657372956134
1193,89.87000274658203,2023-02-27,0.40392129116004527
1194,90.05999755859375,2023-02-28,0.40580981372727565
1195,90.36000061035156,2023-03-01,0.40879180322206077
1196,92.0,2023-03-02,0.425093173900562
1197,93.6500015258789,2023-03-03,0.44149396445159417
1198,95.12999725341797,2023-03-06,0.4562049205101718
1199,93.86000061035156,2023-03-07,0.4435813267638865
1200,94.25,2023-03-08,0.44745786760602135
1201,92.31999969482422,2023-03-09,0.42827392730526603
1202,90.62999725341797,2023-03-10,0.411475533099253
1203,91.11000061035156,2023-03-13,0.4162467011238806
1204,93.97000122070312,2023-03-14,0.4446747178562982
1205,96.11000061035156,2023-03-15,0.46594602046934597
1206,100.31999969482422,2023-03-16,0.5077928382580106
1207,101.62000274658203,2023-03-17,0.5207146916218888
1208,101.22000122070312,2023-03-20,0.5167387309072231
1209,104.91999816894531,2023-03-21,0.55351619688881
1210,103.37000274658203,2023-03-22,0.5381094533928017
1211,105.5999984741211,2023-03-23,0.5602753073531992
1212,105.44000244140625,2023-03-24,0.5586849685684188
1213,102.45999908447266,2023-03-27,0.5290641408710584
1214,101.02999877929688,2023-03-28,0.5148501325048496
1215,101.38999938964844,2023-03-29,0.5184284895645346
1216,100.88999938964844,2023-03-30,0.5134585576299879
1217,103.7300033569336,2023-03-31,0.5416878104524867
1218,104.36000061035156,2023-04-03,0.5479498973893637
1219,104.72000122070312,2023-04-04,0.5515282544490487
1220,104.47000122070312,2023-04-05,0.5490432884817755
1221,108.41999816894531,2023-04-06,0.5883057204306359
1222,106.44000244140625,2023-04-10,0.5686248324375118
1223,105.3499984741211,2023-04-11,0.557790341385926
1224,104.63999938964844,2023-04-12,0.550733047139087
1225,107.43000030517578,2023-04-13,0.5784652764340739
1226,108.87000274658203,2023-04-14,0.5927787046728137
1227,105.97000122070312,2023-04-17,0.563953084285415
1228,104.5,2023-04-18,0.5493414722642254
1229,104.18000030517578,2023-04-19,0.5461607188595212
1230,105.29000091552734,2023-04-20,0.5571939738210261
1231,105.41000366210938,2023-04-21,0.5583867847859687
1232,105.97000122070312,2023-04-24,0.563953084285415
1233,103.8499984741211,2023-04-25,0.5428805455822863
1234,103.70999908447266,2023-04-26,0.5414889707074246
1235,107.58999633789062,2023-04-27,0.5800556152188543
1236,107.33999633789062,2023-04-28,0.5775706492515811
1237,107.19999694824219,2023-05-01,0.5761790743767194
1238,105.31999969482422,2023-05-02,0.5574921576034759
1239,105.41000366210938,2023-05-03,0.5583867847859687
1240,104.69000244140625,2023-05-04,0.5512300706665989
1241,105.56999969482422,2023-05-05,0.5599771235707494
1242,107.7699966430664,2023-05-08,0.5818447937486968
1243,107.3499984741211,2023-05-09,0.5776700691241121
1244,111.75,2023-05-10,0.62140548531515
1245,116.56999969482422,2023-05-11,0.6693156261307731
1246,117.51000213623047,2023-05-12,0.6786591224349663
1247,116.51000213623047,2023-05-15,0.6687192585658732
1248,119.51000213623047,2023-05-16,0.6985388501731524
1249,120.83999633789062,2023-05-17,0.7117588114843376
1250,122.83000183105469,2023-05-18,0.7315391951851358
1251,122.76000213623047,2023-05-19,0.7308434077477048
1252,125.05000305175781,2023-05-22,0.7536057051081453
1253,122.55999755859375,2023-05-23,0.7288553894728005
1254,120.9000015258789,2023-05-24,0.7123552548843803
1255,123.4800033569336,2023-05-25,0.7380001218670749
1256,124.61000061035156,2023-05-26,0.7492321407384985
